usrname,value
 MySensor,1.55786478655
 RichardFox,1.99371205055
 CitizenScientist,4.28781946909
 UncleG,12.9512530102
 Ckimball,12.9009176205
 HSS,1.9549121608
 TaxiDriver,13.0668325068
 XrayLady,0.673861897669
